Eixo;Eixo de Desenvolvimento Educacional e Social 
Eixo de Desenvolvimento Educacional e Social ;261305
Eixo de Desenvolvimento Educacional e Social ;261425
Eixo de Desenvolvimento Educacional e Social ;351505
Eixo de Desenvolvimento Educacional e Social ;371105
Eixo de Desenvolvimento Educacional e Social ;371110
Eixo de Desenvolvimento Educacional e Social ;514325
Eixo de Desenvolvimento Educacional e Social ;515305
Eixo de Desenvolvimento Educacional e Social ;515310
Eixo de Desenvolvimento Educacional e Social ;515325
Eixo de Desenvolvimento Educacional e Social ;623005
Eixo de Desenvolvimento Educacional e Social ;818110
Eixo de Desenvolvimento Educacional e Social ;841408
