Eixo_sup;Eixo de Turismo, Hospitalidade e Lazer
Eixo de Turismo, Hospitalidade e Lazer;131115
Eixo de Turismo, Hospitalidade e Lazer;354820
Eixo de Turismo, Hospitalidade e Lazer;271110
Eixo de Turismo, Hospitalidade e Lazer;271105
Eixo de Turismo, Hospitalidade e Lazer;141525
Eixo de Turismo, Hospitalidade e Lazer;354810
Eixo de Turismo, Hospitalidade e Lazer;131105
Eixo de Turismo, Hospitalidade e Lazer;131110
Eixo de Turismo, Hospitalidade e Lazer;131120
Eixo de Turismo, Hospitalidade e Lazer;141505
