Eixo;Eixo de Recursos Naturais 
Eixo de Recursos Naturais ;316105
Eixo de Recursos Naturais ;316110
Eixo de Recursos Naturais ;316115
Eixo de Recursos Naturais ;316120
Eixo de Recursos Naturais ;316305
Eixo de Recursos Naturais ;316315
Eixo de Recursos Naturais ;316320
Eixo de Recursos Naturais ;316330
Eixo de Recursos Naturais ;321105
Eixo de Recursos Naturais ;321110
Eixo de Recursos Naturais ;321205
Eixo de Recursos Naturais ;321210
Eixo de Recursos Naturais ;321305
Eixo de Recursos Naturais ;321310
Eixo de Recursos Naturais ;321315
Eixo de Recursos Naturais ;321320
Eixo de Recursos Naturais ;323105
Eixo de Recursos Naturais ;325205
Eixo de Recursos Naturais ;341220
Eixo de Recursos Naturais ;341225
Eixo de Recursos Naturais ;613405
