Eixo_sup;Eixo de Gestão e Negócios
Eixo de Gestão e Negócios;141715
Eixo de Gestão e Negócios;251205
Eixo de Gestão e Negócios;142310
Eixo de Gestão e Negócios;123305
Eixo de Gestão e Negócios;142305
Eixo de Gestão e Negócios;142105
Eixo de Gestão e Negócios;142120
Eixo de Gestão e Negócios;252105
Eixo de Gestão e Negócios;252405
Eixo de Gestão e Negócios;251215
Eixo de Gestão e Negócios;252545
Eixo de Gestão e Negócios;122610
Eixo de Gestão e Negócios;123405
Eixo de Gestão e Negócios;141615
Eixo de Gestão e Negócios;342125
Eixo de Gestão e Negócios;142335
Eixo de Gestão e Negócios;252305
Eixo de Gestão e Negócios;252310
Eixo de Gestão e Negócios;252315
