Eixo;Eixo de Informação e Comunicação
Eixo de Informação e Comunicação;212405
Eixo de Informação e Comunicação;212410
Eixo de Informação e Comunicação;313220
Eixo de Informação e Comunicação;313305
Eixo de Informação e Comunicação;313310
Eixo de Informação e Comunicação;313315
Eixo de Informação e Comunicação;313320
Eixo de Informação e Comunicação;317110
Eixo de Informação e Comunicação;317120
Eixo de Informação e Comunicação;317210
Eixo de Informação e Comunicação;391205
Eixo de Informação e Comunicação;731305
